PersonD,incoming,3331233454,2012-01-31 5:30 PM,25
PersonD,incoming,3331233494,2012-01-31 5:30 PM,27
PersonL,incoming,3331233474,2012-01-31 5:30 PM,28
PersonK,incoming,3331233654,2012-01-31 5:30 PM,29
PersonJ,incoming,3331233454,2012-01-31 5:30 PM,22
PersonI,incoming,3331233451,2012-01-31 5:30 PM,12
PersonH,incoming,3331233452,2012-01-31 5:30 PM,30
PersonG,incoming,3331233453,2012-01-31 5:30 PM,40
PersonE,incoming,3331233456,2012-01-31 5:30 PM,50
PersonF,incoming,3331233454,2012-01-31 5:30 PM,60
PersonD,incoming,3331233459,2012-01-31 5:30 PM,70
PersonB,incoming,3331233458,2012-01-31 5:30 PM,80
PersonC,incoming,3331233457,2012-01-31 5:30 PM,20
PersonA,incoming,3331233456,2012-01-31 5:30 PM,10
PersonD,incoming,3331233454,2012-01-31 5:30 PM,25
PersonD,incoming,3332233494,2012-01-31 5:30 PM,27
PersonL,incoming,3333233474,2012-01-31 5:30 PM,28
PersonK,incoming,3334233654,2012-01-31 5:30 PM,29
PersonJ,incoming,3335233454,2012-01-31 5:30 PM,22
PersonI,incoming,3336233451,2012-01-31 5:30 PM,12
PersonH,incoming,3337233452,2012-01-31 5:30 PM,30
PersonG,incoming,3338233453,2012-01-31 5:30 PM,40
